<application>
  <component name="FileTypeManager" version="19">
    <ignoreFiles list="*.pyc;*.pyo;*.rbc;*.yarb;.DS_Store;.git;.hg;.mypy_cache;.pytest_cache;.ruff_cache;.svn;CVS;__pycache__;_svn;vssver.scc;vssver2.scc" />
    <extensionMap>
      <mapping ext="wav" type="PLAIN_TEXT" />
      <mapping ext="mp3" type="PLAIN_TEXT" />
      <mapping ext="sav" type="PLAIN_TEXT" />
      <removed_mapping ext="inputactions" approved="true" type="JSON" />
      <removed_mapping ext="tps" approved="true" type="XML" />
    </extensionMap>
  </component>
</application>