<application>
  <component name="RiderPerAppSettingsManager">
    <option name="enabledBlacklistToolWindowsId">
      <set>
        <option value="Bookmarks" />
        <option value="Dynamic Program Analysis" />
        <option value="IL Viewer" />
        <option value="TODO" />
        <option value="Unit Tests" />
        <option value="Unit Tests Coverage" />
        <option value="dotMemory Profiler" />
        <option value="dotTrace Profiler" />
      </set>
    </option>
    <option name="toolWindowsPerApp" value="true" />
  </component>
</application>